event_id,teacher_id,teacher_priority,slots_needed,room_id,slot_start_idx
EVT_0000,75,1,2,F4.2,39
EVT_0001,91,1,2,F3.7a,49
EVT_0002,102,1,2,F2.2,27
EVT_0003,TBA_47,1,2,F4.5,8
EVT_0004,65,2,2,F3.14,26
EVT_0005,75,1,2,F3.7a,3
EVT_0006,104,1,2,G1.2,16
EVT_0007,65,2,2,F4.14,63
EVT_0008,75,1,2,F4.14,18
EVT_0009,104,1,2,G1.2,10
EVT_0010,16,1,2,F4.4,21
EVT_0011,54,1,2,F3.7a,58
EVT_0012,63,1,2,F4.9,35
EVT_0013,77,1,2,F3.6,38
EVT_0014,92,1,2,F2.5,51
EVT_0015,93,1,2,F3.6,4
EVT_0016,100,1,2,F2.4,9
EVT_0017,103,2,2,F3.5a,53
EVT_0018,107,1,2,F2.4,62
EVT_0019,100,1,2,F2.6,0
EVT_0020,TBA_1,1,2,F2.6,5
EVT_0021,TBA_2,1,2,F3.16,48
EVT_0022,100,1,2,F2.4,20
EVT_0023,TBA_1,1,2,F3.2,40
EVT_0024,TBA_2,1,2,F4.11,12
EVT_0025,12,2,2,F3.17,27
EVT_0026,37,1,2,F3.13,23
EVT_0027,87,1,2,F4.11,34
EVT_0028,100,1,2,F3.13,32
EVT_0029,TBA_35,1,2,F3.13,16
EVT_0030,TBA_36,1,2,G1.2,41
EVT_0031,11,1,2,F2.4,22
EVT_0032,16,1,2,F4.9,12
EVT_0033,63,1,2,F3.5a,57
EVT_0034,100,1,2,G1.4,42
EVT_0035,TBA_3,1,2,F3.5a,16
EVT_0036,TBA_4,1,2,F4.13,53
EVT_0037,11,2,2,G1.3,6
EVT_0038,12,2,2,G1.2,64
EVT_0039,16,1,2,F4.9,52
EVT_0040,37,1,2,F2.8,57
EVT_0041,40,1,2,F3.4,30
EVT_0042,87,1,2,F3.5b,28
EVT_0043,100,1,2,F3.10,35
EVT_0044,108,1,2,F4.11,18
EVT_0045,TBA_37,1,2,F4.11,14
EVT_0046,4,1,2,F3.16,64
EVT_0047,4,1,2,F2.8,16
EVT_0048,16,1,2,G1.5,20
EVT_0049,20,1,2,G1.2,27
EVT_0050,52,1,2,F2.4,34
EVT_0051,72,1,2,F3.15,38
EVT_0052,80,1,2,F2.5,10
EVT_0053,89,2,2,F3.2,16
EVT_0054,102,1,2,F4.6,20
EVT_0055,20,1,2,F4.6,39
EVT_0056,48,1,2,F4.4,22
EVT_0057,52,1,2,F2.2,35
EVT_0058,80,1,2,F3.6,2
EVT_0059,89,2,2,F4.9,36
EVT_0060,93,1,2,G1.3,28
EVT_0061,102,1,2,F3.4,42
EVT_0062,TBA_48,1,2,F4.9,23
EVT_0063,4,1,2,F4.14,48
EVT_0064,22,1,2,F3.5b,63
EVT_0065,40,1,2,F3.5a,63
EVT_0066,47,1,2,F3.18,6
EVT_0067,76,1,2,F3.8,28
EVT_0068,87,1,2,F3.10,51
EVT_0069,108,1,2,F4.6,32
EVT_0070,4,1,2,F2.1,61
EVT_0071,16,1,2,F3.9,53
EVT_0072,22,1,2,F3.15,54
EVT_0073,45,1,2,F4.9,30
EVT_0074,47,1,2,F3.14,17
EVT_0075,62,1,2,F4.6,4
EVT_0076,16,1,2,F2.5,35
EVT_0077,73,1,2,G1.2,54
EVT_0078,102,1,2,F2.2,25
EVT_0079,TBA_49,1,2,F4.6,32
EVT_0080,4,1,2,F4.9,14
EVT_0081,12,1,2,F3.6,22
EVT_0082,16,1,2,F3.7a,57
EVT_0083,22,1,2,F3.16,32
EVT_0084,37,1,2,F3.3,19
EVT_0085,45,1,2,G1.6,50
EVT_0086,47,1,2,F4.10,5
EVT_0087,62,1,2,F3.9,41
EVT_0088,70,2,2,F4.13,10
EVT_0089,87,1,2,F3.1,3
EVT_0090,1,1,2,F4.2,64
EVT_0091,16,1,2,F3.15,0
EVT_0092,20,1,2,F2.4,3
EVT_0093,22,1,2,F3.15,42
EVT_0094,29,1,2,F3.10,0
EVT_0095,73,1,2,F4.6,34
EVT_0096,75,1,2,F2.5,30
EVT_0097,91,1,2,F3.8,0
EVT_0098,98,1,2,F4.10,44
EVT_0099,102,1,2,F3.5a,27
EVT_0100,108,1,2,F4.4,64
EVT_0101,TBA_50,1,2,F3.7b,59
EVT_0102,6,1,2,F4.6,1
EVT_0103,13,1,2,F3.2,28
EVT_0104,55,1,2,F4.9,63
EVT_0105,62,1,2,G1.2,25
EVT_0106,76,1,2,F4.9,54
EVT_0107,87,1,2,F2.2,8
EVT_0108,TBA_38,2,2,F2.2,64
EVT_0109,4,1,2,F3.17,50
EVT_0110,22,1,2,F3.14,46
EVT_0111,48,1,2,F4.11,43
EVT_0112,59,2,2,F4.9,18
EVT_0113,77,1,2,G1.2,63
EVT_0114,94,1,2,F3.5a,17
EVT_0115,TBA_6,1,2,F3.3,25
EVT_0116,4,1,2,F2.2,41
EVT_0117,12,1,2,G1.6,24
EVT_0118,16,1,2,F2.9,53
EVT_0119,45,1,2,F4.11,0
EVT_0120,47,1,2,F4.5,38
EVT_0121,55,1,2,F4.6,64
EVT_0122,60,1,2,F3.1,0
EVT_0123,62,1,2,F3.12,37
EVT_0124,83,1,2,F3.5a,48
EVT_0125,87,1,2,F3.5b,20
EVT_0126,11,1,2,F3.12,57
EVT_0127,87,1,2,F3.14,38
EVT_0128,11,1,2,F3.17,51
EVT_0129,87,1,2,F3.7a,20
EVT_0130,16,2,2,F4.6,24
EVT_0131,72,1,2,F3.3,50
EVT_0132,73,1,2,F3.4,54
EVT_0133,102,1,2,F3.6,58
EVT_0134,1,1,2,F4.10,60
EVT_0135,4,1,2,F4.11,64
EVT_0136,6,1,2,F2.2,24
EVT_0137,16,1,2,F3.3,27
EVT_0138,31,1,2,F3.9,20
EVT_0139,40,1,2,F4.10,40
EVT_0140,67,1,2,F3.14,48
EVT_0141,94,1,2,F3.8,29
EVT_0142,TBA_51,1,2,F3.18,64
EVT_0143,1,1,2,F2.8,13
EVT_0144,47,2,2,F4.12,0
EVT_0145,52,1,2,F3.18,25
EVT_0146,80,1,2,F3.7b,28
EVT_0147,89,2,2,F3.15,11
EVT_0148,93,1,2,F2.9,24
EVT_0149,97,2,2,F3.15,16
EVT_0150,107,1,2,F4.2,9
EVT_0151,4,1,2,F3.17,51
EVT_0152,6,2,2,F4.2,58
EVT_0153,45,2,2,G1.6,14
EVT_0154,47,1,2,F3.15,39
EVT_0155,1,1,2,F3.5b,46
EVT_0156,4,1,2,F4.11,40
EVT_0157,6,1,2,F2.4,45
EVT_0158,40,2,2,F3.2,31
EVT_0159,67,1,2,F4.9,19
EVT_0160,1,1,2,F2.2,0
EVT_0161,4,1,2,F3.5b,38
EVT_0162,40,1,2,F3.9,49
EVT_0163,60,1,2,G1.2,58
EVT_0164,67,1,2,G1.3,0
EVT_0165,16,1,2,F3.18,55
EVT_0166,17,1,2,F3.11,54
EVT_0167,20,1,2,F4.4,37
EVT_0168,21,2,2,F3.1,63
EVT_0169,41,1,2,G1.2,20
EVT_0170,65,2,2,F4.6,27
EVT_0171,75,1,2,F3.6,56
EVT_0172,79,2,2,F3.5b,64
EVT_0173,79,1,2,F4.5,38
EVT_0174,90,1,2,F4.5,35
EVT_0175,79,1,2,F3.15,26
EVT_0176,90,1,2,F4.9,59
EVT_0177,17,1,2,F4.9,23
EVT_0178,35,1,2,F3.14,62
EVT_0179,41,1,2,F3.8,40
EVT_0180,46,1,2,F2.5,29
EVT_0181,63,1,2,F2.4,40
EVT_0182,65,1,2,F3.2,34
EVT_0183,75,1,2,F4.2,22
EVT_0184,17,1,2,F3.6,64
EVT_0185,14,1,2,F3.5b,30
EVT_0186,17,1,2,F3.15,53
EVT_0187,41,1,2,F3.14,47
EVT_0188,63,1,2,F3.1,0
EVT_0189,65,1,2,F2.5,49
EVT_0190,75,1,2,F2.1,44
EVT_0191,94,1,2,F3.3,15
EVT_0192,17,1,2,F2.8,27
EVT_0193,41,1,2,G1.2,63
EVT_0194,46,1,2,F3.1,13
EVT_0195,63,1,2,F4.4,2
EVT_0196,65,1,2,F2.4,12
EVT_0197,75,1,2,F2.1,19
EVT_0198,94,1,2,F3.1,39
EVT_0199,16,1,2,F4.13,52
EVT_0200,20,1,2,F4.3,8
EVT_0201,29,1,2,G1.4,48
EVT_0202,30,1,2,F4.7,15
EVT_0203,52,1,2,F4.11,64
EVT_0204,92,1,2,F3.6,32
EVT_0205,94,1,2,F3.15,63
EVT_0206,97,1,2,F3.7a,51
EVT_0207,107,1,2,F3.5b,5
EVT_0208,72,1,2,F4.9,55
EVT_0209,87,1,2,F4.14,25
EVT_0210,94,1,2,F3.6,47
EVT_0211,102,1,2,F2.4,59
EVT_0212,3,2,2,F4.4,57
EVT_0213,3,2,2,G1.2,4
EVT_0214,16,2,2,F3.5a,52
EVT_0215,20,1,2,F3.12,18
EVT_0216,29,1,2,G1.6,28
EVT_0217,30,1,2,F4.12,2
EVT_0218,31,1,2,F4.14,11
EVT_0219,37,1,2,F4.2,54
EVT_0220,48,1,2,F3.12,13
EVT_0221,52,1,2,F3.9,51
EVT_0222,63,1,2,F4.6,43
EVT_0223,75,1,2,F4.4,16
EVT_0224,89,2,2,F4.12,58
EVT_0225,92,1,2,F3.16,64
EVT_0226,93,1,2,F3.1,12
EVT_0227,94,1,2,F2.1,45
EVT_0228,96,2,2,F4.11,58
EVT_0229,97,1,2,F4.14,28
EVT_0230,107,1,2,F4.9,39
EVT_0231,47,2,2,F3.2,36
EVT_0232,62,2,2,F4.12,10
EVT_0233,87,1,2,F4.9,57
EVT_0234,14,1,2,F3.5b,54
EVT_0235,75,1,2,F4.9,12
EVT_0236,40,1,2,F3.10,53
EVT_0237,47,1,2,G1.3,53
EVT_0238,103,1,2,F3.7b,64
EVT_0239,TBA_8,1,2,F4.11,62
EVT_0240,40,1,2,F4.10,16
EVT_0241,47,1,2,F2.1,56
EVT_0242,103,1,2,F3.3,48
EVT_0243,TBA_8,1,2,F2.5,16
EVT_0244,11,1,2,G1.3,49
EVT_0245,12,2,2,F4.12,30
EVT_0246,103,2,2,F4.12,27
EVT_0247,TBA_9,1,2,F3.1,39
EVT_0248,TBA_10,1,2,F3.15,55
EVT_0249,6,1,2,G1.5,4
EVT_0250,13,1,2,F2.2,43
EVT_0251,22,1,2,F4.3,55
EVT_0252,49,1,2,F3.11,12
EVT_0253,53,2,2,F2.6,24
EVT_0254,60,1,2,F3.6,18
EVT_0255,62,1,2,F3.15,29
EVT_0256,87,1,2,F4.12,22
EVT_0257,94,1,2,F2.4,23
EVT_0258,6,1,2,F4.3,30
EVT_0259,15,1,2,F3.18,10
EVT_0260,21,1,2,F3.13,19
EVT_0261,22,2,2,F3.1,25
EVT_0262,47,2,2,F3.8,45
EVT_0263,87,1,2,G1.6,18
EVT_0264,94,1,2,F3.15,7
EVT_0265,108,1,2,F3.12,49
EVT_0266,6,1,2,F3.7b,20
EVT_0267,13,1,2,F4.6,4
EVT_0268,22,1,2,F2.2,1
EVT_0269,40,1,2,F3.7b,64
EVT_0270,48,1,2,F4.10,32
EVT_0271,94,1,2,F4.7,14
EVT_0272,22,1,2,F3.1,33
EVT_0273,53,1,2,F4.11,56
EVT_0274,94,1,2,F4.9,8
EVT_0275,108,1,2,F4.10,56
EVT_0276,TBA_39,1,2,F3.6,62
EVT_0277,47,1,2,F2.8,23
EVT_0278,TBA_12,1,2,F3.4,27
EVT_0279,103,1,2,F3.7b,41
EVT_0280,TBA_13,1,2,F3.5b,34
EVT_0281,TBA_14,1,2,F2.8,53
EVT_0282,TBA_15,1,2,F3.7a,40
EVT_0283,TBA_16,1,2,F2.9,61
EVT_0284,47,1,2,G1.6,36
EVT_0285,59,2,2,F4.12,44
EVT_0286,103,2,2,G1.3,63
EVT_0287,TBA_17,1,2,F4.11,43
EVT_0288,TBA_18,1,2,F4.10,44
EVT_0289,6,1,2,F3.7b,31
EVT_0290,13,1,2,F3.10,46
EVT_0291,16,1,2,F3.13,54
EVT_0292,49,1,2,F3.7b,25
EVT_0293,53,1,2,F2.2,58
EVT_0294,55,1,2,F3.7a,61
EVT_0295,108,1,2,F3.13,30
EVT_0296,6,1,2,F3.7a,22
EVT_0297,13,1,2,F2.1,21
EVT_0298,16,1,2,F4.3,21
EVT_0299,49,1,2,F2.1,36
EVT_0300,53,1,2,G1.3,41
EVT_0301,55,1,2,F3.1,28
EVT_0302,108,1,2,F3.17,43
EVT_0303,4,1,2,F4.12,47
EVT_0304,16,1,2,F4.6,49
EVT_0305,20,1,2,F2.5,16
EVT_0306,52,1,2,F4.14,58
EVT_0307,67,1,2,F3.15,49
EVT_0308,70,1,2,G1.6,2
EVT_0309,75,1,2,F3.9,64
EVT_0310,76,1,2,F3.11,35
EVT_0311,91,1,2,F2.8,32
EVT_0312,98,1,2,F2.9,64
EVT_0313,4,1,2,F4.2,31
EVT_0314,16,1,2,F2.8,64
EVT_0315,20,1,2,F3.16,0
EVT_0316,52,1,2,G1.5,41
EVT_0317,67,1,2,F3.4,64
EVT_0318,70,1,2,G1.5,17
EVT_0319,75,1,2,F3.5a,34
EVT_0320,76,1,2,F3.12,8
EVT_0321,91,1,2,F3.5b,3
EVT_0322,98,1,2,F3.12,32
EVT_0323,1,1,2,F3.16,25
EVT_0324,4,1,2,F3.14,50
EVT_0325,16,1,2,G1.2,12
EVT_0326,20,1,2,F3.18,2
EVT_0327,22,2,2,F4.5,48
EVT_0328,23,2,2,F3.7b,32
EVT_0329,31,1,2,F4.2,31
EVT_0330,37,1,2,F2.6,60
EVT_0331,47,1,2,F3.12,64
EVT_0332,52,1,2,F4.14,22
EVT_0333,55,1,2,F3.15,64
EVT_0334,65,1,2,F3.8,32
EVT_0335,70,1,2,F4.14,47
EVT_0336,75,1,2,F4.13,52
EVT_0337,76,1,2,G1.4,59
EVT_0338,80,1,2,F3.11,6
EVT_0339,82,1,2,F4.9,48
EVT_0340,87,1,2,F3.5a,23
EVT_0341,91,1,2,F2.4,9
EVT_0342,98,1,2,F3.12,33
EVT_0343,1,1,2,F3.14,21
EVT_0344,4,1,2,F3.13,2
EVT_0345,16,1,2,F4.9,40
EVT_0346,20,1,2,F4.9,16
EVT_0347,22,1,2,F2.2,10
EVT_0348,31,1,2,F3.13,33
EVT_0349,47,1,2,F3.16,41
EVT_0350,52,1,2,F3.14,34
EVT_0351,55,1,2,G1.4,64
EVT_0352,67,2,2,F3.7a,15
EVT_0353,70,1,2,F3.7b,41
EVT_0354,75,1,2,F3.6,34
EVT_0355,76,1,2,F3.1,47
EVT_0356,80,1,2,F4.12,17
EVT_0357,82,1,2,G1.4,17
EVT_0358,91,1,2,F2.1,10
EVT_0359,98,1,2,F3.6,16
EVT_0360,1,1,2,F3.13,38
EVT_0361,4,1,2,F3.14,13
EVT_0362,16,1,2,G1.2,42
EVT_0363,20,1,2,F3.7a,0
EVT_0364,22,2,2,F3.14,21
EVT_0365,23,2,2,F3.13,26
EVT_0366,31,1,2,F3.5b,12
EVT_0367,37,1,2,F4.11,5
EVT_0368,47,1,2,G1.2,2
EVT_0369,52,1,2,G1.6,40
EVT_0370,55,1,2,F4.7,17
EVT_0371,65,1,2,F4.4,18
EVT_0372,70,1,2,G1.4,5
EVT_0373,75,1,2,F3.10,10
EVT_0374,76,1,2,F3.18,13
EVT_0375,80,1,2,F3.7a,63
EVT_0376,82,1,2,F4.5,17
EVT_0377,87,1,2,G1.3,33
EVT_0378,91,1,2,F4.5,26
EVT_0379,98,1,2,F2.6,41
EVT_0380,1,1,2,F2.1,17
EVT_0381,4,1,2,F3.8,33
EVT_0382,16,1,2,F4.9,37
EVT_0383,20,1,2,F4.7,64
EVT_0384,22,1,2,F3.11,61
EVT_0385,31,1,2,F3.10,43
EVT_0386,47,1,2,F3.3,19
EVT_0387,52,1,2,F3.7b,13
EVT_0388,55,1,2,F2.4,21
EVT_0389,67,2,2,F4.11,34
EVT_0390,70,1,2,F3.8,27
EVT_0391,75,1,2,F3.2,51
EVT_0392,76,1,2,G1.2,41
EVT_0393,80,1,2,F4.9,31
EVT_0394,82,1,2,F3.9,30
EVT_0395,91,1,2,F2.2,50
EVT_0396,98,1,2,F3.12,23
EVT_0397,1,1,2,F4.4,47
EVT_0398,16,2,2,F3.14,46
EVT_0399,20,1,2,F4.4,20
EVT_0400,22,1,2,F3.11,50
EVT_0401,60,1,2,F3.16,35
EVT_0402,70,1,2,F4.14,57
EVT_0403,72,1,2,F3.6,60
EVT_0404,73,1,2,G1.2,16
EVT_0405,91,1,2,F4.2,62
EVT_0406,98,1,2,G1.2,30
EVT_0407,102,1,2,F4.3,6
EVT_0408,TBA_40,1,2,F3.5b,0
EVT_0409,1,1,2,F3.15,32
EVT_0410,16,2,2,F4.7,10
EVT_0411,20,1,2,F4.9,25
EVT_0412,22,1,2,F3.5a,44
EVT_0413,60,1,2,G1.4,27
EVT_0414,70,1,2,F3.7a,63
EVT_0415,72,1,2,F2.2,3
EVT_0416,73,1,2,F3.7a,39
EVT_0417,91,1,2,F3.4,45
EVT_0418,98,1,2,F3.8,8
EVT_0419,102,1,2,F3.14,27
EVT_0420,TBA_40,1,2,F3.17,42
EVT_0421,1,1,2,F3.12,5
EVT_0422,4,1,2,F4.5,47
EVT_0423,16,1,2,F4.14,49
EVT_0424,22,1,2,F4.4,37
EVT_0425,31,1,2,F3.9,20
EVT_0426,37,1,2,F3.14,2
EVT_0427,47,1,2,F2.6,23
EVT_0428,70,2,2,G1.2,31
EVT_0429,75,1,2,F2.8,35
EVT_0430,82,1,2,F2.5,13
EVT_0431,98,1,2,F3.3,29
EVT_0432,103,2,2,F3.3,59
EVT_0433,105,1,2,F3.15,16
EVT_0434,1,1,2,F2.9,28
EVT_0435,16,1,2,F2.2,61
EVT_0436,22,1,2,F4.14,64
EVT_0437,31,1,2,F4.12,64
EVT_0438,1,1,2,F3.4,52
EVT_0439,16,1,2,F3.13,14
EVT_0440,20,1,2,F3.7a,14
EVT_0441,29,1,2,F4.9,51
EVT_0442,30,1,2,F2.1,45
EVT_0443,52,1,2,F4.4,61
EVT_0444,72,1,2,F2.9,38
EVT_0445,80,1,2,F4.5,64
EVT_0446,89,2,2,F3.1,41
EVT_0447,92,1,2,F4.3,49
EVT_0448,97,2,2,G1.4,26
EVT_0449,102,1,2,F3.8,45
EVT_0450,107,1,2,G1.4,0
EVT_0451,1,1,2,G1.2,48
EVT_0452,16,1,2,F3.15,6
EVT_0453,20,1,2,F3.11,33
EVT_0454,29,1,2,F4.4,25
EVT_0455,30,1,2,F4.2,14
EVT_0456,52,1,2,G1.6,0
EVT_0457,80,1,2,F3.18,38
EVT_0458,92,1,2,F3.5b,57
EVT_0459,93,1,2,F4.2,0
EVT_0460,97,2,2,G1.6,5
EVT_0461,102,1,2,F4.12,56
EVT_0462,107,1,2,G1.2,64
EVT_0463,11,2,2,F3.18,3
EVT_0464,16,1,2,F2.8,56
EVT_0465,20,1,2,F4.12,41
EVT_0466,21,2,2,F4.9,10
EVT_0467,37,1,2,F4.6,63
EVT_0468,52,1,2,F4.5,55
EVT_0469,63,1,2,G1.4,35
EVT_0470,72,1,2,F3.2,1
EVT_0471,73,1,2,F3.16,4
EVT_0472,80,1,2,F3.11,0
EVT_0473,87,1,2,F3.2,58
EVT_0474,89,2,2,F3.8,36
EVT_0475,92,1,2,F2.4,50
EVT_0476,94,1,2,F3.9,21
EVT_0477,97,1,2,G1.2,47
EVT_0478,102,1,2,F3.7b,36
EVT_0479,TBA_41,1,2,F3.18,62
EVT_0480,16,1,2,F4.12,52
EVT_0481,20,1,2,F3.2,12
EVT_0482,22,2,2,F4.6,61
EVT_0483,31,1,2,F2.5,40
EVT_0484,47,1,2,F4.11,53
EVT_0485,60,1,2,G1.2,27
EVT_0486,70,1,2,G1.2,60
EVT_0487,75,1,2,F3.10,28
EVT_0488,96,2,2,F3.14,15
EVT_0489,16,1,2,F2.4,64
EVT_0490,20,1,2,F3.5a,0
EVT_0491,22,2,2,F4.10,44
EVT_0492,31,1,2,F3.5a,47
EVT_0493,47,1,2,G1.4,64
EVT_0494,60,1,2,F2.4,59
EVT_0495,70,1,2,F2.6,23
EVT_0496,75,1,2,F4.7,17
EVT_0497,96,2,2,F2.1,46
EVT_0498,16,1,2,F3.18,8
EVT_0499,47,2,2,F2.5,13
EVT_0500,60,1,2,F4.7,25
EVT_0501,70,2,2,F3.17,7
EVT_0502,16,1,2,F3.12,62
EVT_0503,20,1,2,F2.2,56
EVT_0504,47,2,2,F3.18,29
EVT_0505,1,1,2,F4.4,49
EVT_0506,16,1,2,F2.4,13
EVT_0507,47,1,2,F3.2,59
EVT_0508,70,2,2,F3.8,64
EVT_0509,1,1,2,F2.5,59
EVT_0510,4,1,2,F4.10,12
EVT_0511,16,1,2,F4.2,24
EVT_0512,31,1,2,F2.6,32
EVT_0513,47,1,2,F2.8,56
EVT_0514,75,1,2,F3.1,20
EVT_0515,4,1,2,F3.5b,22
EVT_0516,1,1,2,F2.2,35
EVT_0517,6,1,2,F2.2,28
EVT_0518,16,1,2,F3.2,64
EVT_0519,22,2,2,F4.2,29
EVT_0520,40,1,2,F2.8,41
EVT_0521,47,1,2,F4.11,2
EVT_0522,60,1,2,F3.12,8
EVT_0523,62,2,2,F3.1,44
EVT_0524,67,1,2,F3.16,53
EVT_0525,76,1,2,F3.6,11
EVT_0526,TBA_20,2,2,F3.8,20
EVT_0527,1,1,2,F3.3,11
EVT_0528,6,1,2,F2.5,60
EVT_0529,16,1,2,F4.3,1
EVT_0530,22,2,2,F2.6,41
EVT_0531,40,1,2,F3.2,64
EVT_0532,47,1,2,F4.5,64
EVT_0533,60,1,2,G1.2,20
EVT_0534,62,2,2,F4.3,27
EVT_0535,67,1,2,F3.7a,52
EVT_0536,76,1,2,F3.14,44
EVT_0537,TBA_20,2,2,F3.8,39
EVT_0538,16,1,2,G1.5,17
EVT_0539,TBA_21,1,2,F2.4,1
EVT_0540,TBA_22,1,2,F3.13,64
EVT_0541,4,1,2,G1.2,51
EVT_0542,12,2,2,F3.6,60
EVT_0543,16,1,2,G1.2,10
EVT_0544,22,1,2,F3.18,17
EVT_0545,45,1,2,G1.5,0
EVT_0546,47,1,2,G1.5,52
EVT_0547,60,1,2,F3.18,47
EVT_0548,62,1,2,F4.10,42
EVT_0549,98,2,2,F4.14,20
EVT_0550,TBA_26,1,2,G1.2,7
EVT_0551,4,1,2,F3.8,57
EVT_0552,12,2,2,G1.4,33
EVT_0553,16,1,2,F3.18,43
EVT_0554,22,1,2,F4.9,19
EVT_0555,45,1,2,F3.10,45
EVT_0556,47,1,2,F3.5a,44
EVT_0557,60,1,2,F2.4,10
EVT_0558,62,1,2,F3.18,28
EVT_0559,98,2,2,F3.9,15
EVT_0560,TBA_26,1,2,F4.4,61
EVT_0561,4,1,2,F3.8,16
EVT_0562,12,2,2,F2.5,57
EVT_0563,16,1,2,F3.11,0
EVT_0564,22,1,2,G1.5,0
EVT_0565,45,1,2,F4.7,42
EVT_0566,47,1,2,F3.11,49
EVT_0567,62,1,2,F3.17,6
EVT_0568,4,1,2,F3.6,28
EVT_0569,47,1,2,G1.6,46
EVT_0570,60,1,2,F3.7a,49
EVT_0571,62,1,2,F4.9,0
EVT_0572,87,1,2,F4.10,12
EVT_0573,4,1,2,F4.12,41
EVT_0574,12,2,2,F3.16,28
EVT_0575,16,1,2,F4.6,41
EVT_0576,22,1,2,F3.10,30
EVT_0577,45,1,2,F3.1,9
EVT_0578,47,1,2,F4.5,15
EVT_0579,55,1,2,F4.2,5
EVT_0580,60,1,2,F3.7a,13
EVT_0581,62,1,2,F2.8,50
EVT_0582,4,1,2,F4.7,46
EVT_0583,12,2,2,F3.16,64
EVT_0584,16,1,2,F3.18,64
EVT_0585,22,1,2,F3.17,10
EVT_0586,45,1,2,F2.8,10
EVT_0587,47,1,2,F4.3,64
EVT_0588,62,1,2,F3.17,26
EVT_0589,6,1,2,F3.11,24
EVT_0590,47,2,2,F2.8,39
EVT_0591,12,2,2,F3.12,62
EVT_0592,16,1,2,F4.6,42
EVT_0593,21,1,2,G1.2,0
EVT_0594,40,1,2,F4.13,39
EVT_0595,47,1,2,G1.2,60
EVT_0596,87,1,2,F3.17,14
EVT_0597,94,1,2,F4.3,37
EVT_0598,108,1,2,F4.14,21
EVT_0599,TBA_42,1,2,F4.11,61
EVT_0600,4,1,2,F3.2,5
EVT_0601,16,1,2,G1.2,41
EVT_0602,37,1,2,F2.8,4
EVT_0603,76,1,2,F4.11,35
EVT_0604,11,1,2,F3.5b,9
EVT_0605,16,1,2,F3.11,3
EVT_0606,77,1,2,F4.2,15
EVT_0607,83,1,2,F3.4,60
EVT_0608,92,1,2,G1.6,15
EVT_0609,100,1,2,F3.5a,15
EVT_0610,107,1,2,F3.2,58
EVT_0611,11,1,2,G1.3,57
EVT_0612,16,1,2,F2.2,57
EVT_0613,83,1,2,F3.12,15
EVT_0614,92,1,2,F4.3,64
EVT_0615,93,1,2,F3.14,36
EVT_0616,100,1,2,F4.9,3
EVT_0617,107,1,2,F4.4,0
EVT_0618,35,1,2,F4.7,46
EVT_0619,41,1,2,F2.1,60
EVT_0620,75,1,2,F3.17,0
EVT_0621,83,1,2,F3.9,27
EVT_0622,94,1,2,F3.4,60
EVT_0623,16,1,2,F3.3,55
EVT_0624,53,1,2,F4.12,6
EVT_0625,94,1,2,F3.18,16
EVT_0626,108,1,2,F4.2,38
EVT_0627,TBA_43,1,2,F3.12,44
EVT_0628,11,1,2,F4.2,19
EVT_0629,11,1,2,G1.2,60
EVT_0630,16,1,2,F4.7,29
EVT_0631,20,1,2,F4.7,20
EVT_0632,58,2,2,F4.13,1
EVT_0633,65,2,2,F4.6,39
EVT_0634,75,1,2,F3.6,64
EVT_0635,79,1,2,F3.13,0
EVT_0636,94,1,2,F4.9,64
EVT_0637,103,2,2,F3.6,45
EVT_0638,TBA_52,1,2,F3.5a,36
EVT_0639,16,1,2,F2.2,51
EVT_0640,47,1,2,F4.11,51
EVT_0641,62,2,2,F3.3,14
EVT_0642,103,1,2,F4.4,34
EVT_0643,16,2,2,F4.6,0
EVT_0644,40,1,2,F4.2,53
EVT_0645,47,1,2,F4.7,9
EVT_0646,103,1,2,G1.4,6
EVT_0647,TBA_29,2,2,F3.12,52
EVT_0648,16,1,2,F4.3,9
EVT_0649,47,1,2,F2.6,54
EVT_0650,15,1,2,F3.3,37
EVT_0651,16,1,2,F3.10,12
EVT_0652,20,1,2,F4.13,0
EVT_0653,29,1,2,F4.9,6
EVT_0654,30,1,2,G1.3,19
EVT_0655,52,1,2,F2.5,51
EVT_0656,73,1,2,F4.13,20
EVT_0657,83,1,2,F4.7,44
EVT_0658,92,1,2,F2.1,56
EVT_0659,94,1,2,F4.5,43
EVT_0660,107,1,2,F3.18,41
EVT_0661,108,1,2,F3.12,43
EVT_0662,53,1,2,F3.2,14
EVT_0663,94,1,2,F3.5b,9
EVT_0664,108,1,2,F3.12,34
EVT_0665,TBA_44,1,2,F2.8,49
EVT_0666,14,1,2,G1.4,44
EVT_0667,17,1,2,F3.5b,46
EVT_0668,46,2,2,F3.4,45
EVT_0669,94,1,2,F3.13,13
EVT_0670,TBA_53,1,2,F2.1,34
EVT_0671,16,1,2,F3.15,17
EVT_0672,102,1,2,F3.10,47
EVT_0673,TBA_54,1,2,F3.7a,64
EVT_0674,16,1,2,F3.13,8
EVT_0675,20,1,2,F4.13,15
EVT_0676,35,1,2,F3.9,55
EVT_0677,46,1,2,F3.18,7
EVT_0678,75,1,2,F3.7a,47
EVT_0679,104,1,2,F2.4,58
EVT_0680,14,1,2,F4.12,48
EVT_0681,17,1,2,F2.2,0
EVT_0682,47,1,2,F3.16,24
EVT_0683,105,2,2,F3.12,25
EVT_0684,TBA_45,2,2,F2.6,54
EVT_0685,14,1,2,F3.11,15
EVT_0686,46,1,2,F3.6,64
EVT_0687,47,1,2,F3.17,61
EVT_0688,16,1,2,F4.10,31
EVT_0689,20,1,2,F3.17,45
EVT_0690,22,2,2,F2.6,47
EVT_0691,TBA_55,1,2,F4.11,8
EVT_0692,16,1,2,G1.6,58
EVT_0693,20,1,2,G1.3,53
EVT_0694,22,2,2,F3.8,52
EVT_0695,TBA_55,1,2,F3.12,55
EVT_0696,17,1,2,G1.3,52
EVT_0697,20,1,2,F3.7b,23
EVT_0698,TBA_30,1,2,G1.5,44
EVT_0699,16,1,2,F3.15,2
EVT_0700,17,1,2,G1.3,30
EVT_0701,20,1,2,F4.9,41
EVT_0702,79,1,2,F4.5,7
EVT_0703,103,2,2,F4.13,13
EVT_0704,TBA_31,2,2,F3.15,8
EVT_0705,16,1,2,F3.1,40
EVT_0706,17,1,2,F3.11,36
EVT_0707,47,1,2,F3.10,43
EVT_0708,TBA_32,1,2,F3.10,48
EVT_0709,6,2,2,F3.8,11
EVT_0710,20,1,2,F2.4,37
EVT_0711,47,1,2,F3.2,31
EVT_0712,58,2,2,F3.7b,43
EVT_0713,67,1,2,F4.11,58
EVT_0714,105,2,2,F3.8,17
EVT_0715,100,1,2,G1.3,32
EVT_0716,TBA_33,1,2,F3.4,44
EVT_0717,TBA_34,1,2,F3.1,3
EVT_0718,11,1,2,F3.13,26
EVT_0719,12,2,2,G1.2,20
EVT_0720,21,1,2,F3.17,53
EVT_0721,47,2,2,F4.13,50
EVT_0722,94,1,2,F3.11,61
EVT_0723,108,1,2,F3.17,52
EVT_0724,TBA_46,1,2,F4.14,50
